3734bd87-2339-4b88-afc4-6569ce0583b6|Aeon Stone|worldbuilding|encounters/Ishirala/ishirala-perch.md
3734bd87-2339-4b88-afc4-6569ce0583b6|Aeon Stone|worldbuilding|encounters/exile-camp-meeting.md
3734bd87-2339-4b88-afc4-6569ce0583b6|Aeon Stone|worldbuilding|locations/illisan/fleurite/fleurite-castle.md
3734bd87-2339-4b88-afc4-6569ce0583b6|Aeon Stone|worldbuilding|lore/infinite-twilight.md
3734bd87-2339-4b88-afc4-6569ce0583b6|Aeon Stone|worldbuilding|npcs/Lucindus-Arellius.md
3734bd87-2339-4b88-afc4-6569ce0583b6|Aeon Stone|worldbuilding|npcs/Romulus.md
3734bd87-2339-4b88-afc4-6569ce0583b6|Aeon Stone|worldbuilding|sessions/notes/2025-07-26.md
3734bd87-2339-4b88-afc4-6569ce0583b6|Aeon Stone|worldbuilding|sessions/notes/2026-06-20.md
3734bd87-2339-4b88-afc4-6569ce0583b6|Aeon Stone|worldbuilding|sessions/notes/2026-07-18.md
fb162b48-9820-4bd7-8c33-8d36f4ddc004|Andice Thromius|npc|encounters/Ishirala/ishirala-perch.md
fb162b48-9820-4bd7-8c33-8d36f4ddc004|Andice Thromius|npc|locations/bastok/bastok.md
fb162b48-9820-4bd7-8c33-8d36f4ddc004|Andice Thromius|npc|pcs/zander-thromius.md
991e935f-24e9-4149-b10a-b4c713a51972|Argoth|location|locations/argoth/argoth.md
991e935f-24e9-4149-b10a-b4c713a51972|Argoth|location|locations/argoth/ellish/ellish.md
991e935f-24e9-4149-b10a-b4c713a51972|Argoth|location|locations/argoth/merev/merev.md
991e935f-24e9-4149-b10a-b4c713a51972|Argoth|location|locations/bastok/denrigar.md
d4fe6ce5-6812-4a23-ab03-6985a6ba2138|Aris Placidia|npc|encounters/exile-camp-meeting.md
d4fe6ce5-6812-4a23-ab03-6985a6ba2138|Aris Placidia|npc|locations/exile-camp.md
d4fe6ce5-6812-4a23-ab03-6985a6ba2138|Aris Placidia|npc|lore/goodmans-city.md
d4fe6ce5-6812-4a23-ab03-6985a6ba2138|Aris Placidia|npc|npcs/Aris-Placidia.md
d4fe6ce5-6812-4a23-ab03-6985a6ba2138|Aris Placidia|npc|npcs/Marcus-Leondis.md
d4fe6ce5-6812-4a23-ab03-6985a6ba2138|Aris Placidia|npc|npcs/Maxis-Fontides.md
d4fe6ce5-6812-4a23-ab03-6985a6ba2138|Aris Placidia|npc|npcs/Tichon-Darelius.md
d4fe6ce5-6812-4a23-ab03-6985a6ba2138|Aris Placidia|npc|sessions/notes/2026-08-22-exile-camp-0336fc21
b4959caa-4277-475b-b848-4d8c9a06a91c|Arkin|npc|encounters/Ishirala/ishirala-floor3.md
b4959caa-4277-475b-b848-4d8c9a06a91c|Arkin|npc|encounters/Ishirala/ishirala-perch.md
b4959caa-4277-475b-b848-4d8c9a06a91c|Arkin|npc|encounters/Return-to-the-Monastery/overview.md
b4959caa-4277-475b-b848-4d8c9a06a91c|Arkin|npc|locations/illisan/fleurite/monastery.md
b4959caa-4277-475b-b848-4d8c9a06a91c|Arkin|npc|npcs/Arkin.md
b4959caa-4277-475b-b848-4d8c9a06a91c|Arkin|npc|npcs/Dariferra.md
a772a2fc-9544-4b6e-9c65-bdc2d2318cf9|Assassins Guild|faction|encounters/the-descent.md
a772a2fc-9544-4b6e-9c65-bdc2d2318cf9|Assassins Guild|faction|npcs/Roccid.md
bb492e9e-e920-4861-82d3-9b0620adb5f2|Bastok|location|encounters/Ishirala/ishirala-perch.md
bb492e9e-e920-4861-82d3-9b0620adb5f2|Bastok|location|encounters/the-descent.md
bb492e9e-e920-4861-82d3-9b0620adb5f2|Bastok|location|locations/argoth/merev/merev.md
bb492e9e-e920-4861-82d3-9b0620adb5f2|Bastok|location|locations/argoth/merev/miradon-cascades.md
bb492e9e-e920-4861-82d3-9b0620adb5f2|Bastok|location|locations/bastok/bastok.md
bb492e9e-e920-4861-82d3-9b0620adb5f2|Bastok|location|locations/bastok/denrigar.md
bb492e9e-e920-4861-82d3-9b0620adb5f2|Bastok|location|npcs/Roccid.md
bb492e9e-e920-4861-82d3-9b0620adb5f2|Bastok|location|pcs/zander-thromius.md
bbf6fc4f-bf98-4406-8908-bf8d17d01308|Berylghana|npc|sessions/notes/2024-07-27.md
bbf6fc4f-bf98-4406-8908-bf8d17d01308|Berylghana|npc|sessions/notes/2024-09-28.md
45a799dd-2b4e-4623-b227-a21e8777b50e|Bruteus Ponteius|npc|sessions/notes/2024-01-06.md
45a799dd-2b4e-4623-b227-a21e8777b50e|Bruteus Ponteius|npc|sessions/notes/2024-06-29.md
45a799dd-2b4e-4623-b227-a21e8777b50e|Bruteus Ponteius|npc|sessions/notes/2024-08-24.md
45a799dd-2b4e-4623-b227-a21e8777b50e|Bruteus Ponteius|npc|sessions/notes/2025-09-13.md
a7fc3796-aa28-4562-896f-b0dc3fb62547|Carpet Rollers|faction|encounters/exile-camp-meeting.md
a7fc3796-aa28-4562-896f-b0dc3fb62547|Carpet Rollers|faction|locations/argoth/ellish/unity/faeroth-manor.md
a7fc3796-aa28-4562-896f-b0dc3fb62547|Carpet Rollers|faction|locations/argoth/ellish/unity/unity.md
a7fc3796-aa28-4562-896f-b0dc3fb62547|Carpet Rollers|faction|lore/timeline.md
a7fc3796-aa28-4562-896f-b0dc3fb62547|Carpet Rollers|faction|npcs/Vika-Lana.md
a7fc3796-aa28-4562-896f-b0dc3fb62547|Carpet Rollers|faction|sessions/notes/2025-03-01.md
02768cb4-b81c-456b-ada6-4ff62425b190|Catlantis|location|locations/argoth/ellish/durg.md
02768cb4-b81c-456b-ada6-4ff62425b190|Catlantis|location|locations/catlantis/catlantis.md
de5e8f7b-7b4a-48d3-9323-390141bedae3|Ceal'tus|npc|encounters/Ishirala/ishirala-floor4.md
de5e8f7b-7b4a-48d3-9323-390141bedae3|Ceal'tus|npc|encounters/Ishirala/ishirala-upper-floors.md
4cdee947-f579-4820-9ca5-71de45a96670|Chamber of Echoes|location|encounters/Ishirala/ishirala-floor3.md
4cdee947-f579-4820-9ca5-71de45a96670|Chamber of Echoes|location|encounters/Ishirala/ishirala-upper-floors.md
4cdee947-f579-4820-9ca5-71de45a96670|Chamber of Echoes|location|locations/illisan/fleurite/ishirala.md
4cdee947-f579-4820-9ca5-71de45a96670|Chamber of Echoes|location|sessions/notes/2026-04-25.md
4cdee947-f579-4820-9ca5-71de45a96670|Chamber of Echoes|location|sessions/notes/2026-05-09.md
d5e73580-62b7-4375-805a-22c676baee6f|Church of Malygos|faction|locations/illisan/fleurite/goodmans-city.md
d5e73580-62b7-4375-805a-22c676baee6f|Church of Malygos|faction|lore/goodmans-city.md
d5e73580-62b7-4375-805a-22c676baee6f|Church of Malygos|faction|lore/timeline.md
d5e73580-62b7-4375-805a-22c676baee6f|Church of Malygos|faction|npcs/Goodman.md
9de6d53f-60b7-4e87-93e6-9b501d8260b2|Church of the Golden Dawn|location|locations/argoth/ellish/unity/church-of-the-golden-dawn.md
9de6d53f-60b7-4e87-93e6-9b501d8260b2|Church of the Golden Dawn|location|locations/argoth/ellish/unity/unity.md
9de6d53f-60b7-4e87-93e6-9b501d8260b2|Church of the Golden Dawn|location|sessions/notes/2024-01-06.md
9de6d53f-60b7-4e87-93e6-9b501d8260b2|Church of the Golden Dawn|location|sessions/notes/2024-03-30.md
608d4844-820f-4351-a780-f5a65b482e43|Circle of Dreams|faction|handouts/vika-lana-journal.md
608d4844-820f-4351-a780-f5a65b482e43|Circle of Dreams|faction|npcs/Vika-Lana.md
485b8d23-7789-5fc0-a969-5e3b959967e4|Coreferra|pc|encounters/Ishirala/ishirala-floor3.md
485b8d23-7789-5fc0-a969-5e3b959967e4|Coreferra|pc|encounters/Ishirala/ishirala-floor4.md
485b8d23-7789-5fc0-a969-5e3b959967e4|Coreferra|pc|pcs/coreferra.md
485b8d23-7789-5fc0-a969-5e3b959967e4|Coreferra|pc|sessions/notes/2026-04-25.md
485b8d23-7789-5fc0-a969-5e3b959967e4|Coreferra|pc|sessions/notes/2026-05-09.md
485b8d23-7789-5fc0-a969-5e3b959967e4|Coreferra|pc|sessions/notes/2026-06-20.md
485b8d23-7789-5fc0-a969-5e3b959967e4|Coreferra|pc|sessions/notes/2026-08-22-exile-camp-0336fc21
b3473113-87e2-4e44-99a9-2dcc2e7d82aa|Council of Unity|faction|encounters/exile-camp-meeting.md
b3473113-87e2-4e44-99a9-2dcc2e7d82aa|Council of Unity|faction|locations/argoth/ellish/unity/heart-of-unity.md
b3473113-87e2-4e44-99a9-2dcc2e7d82aa|Council of Unity|faction|locations/argoth/ellish/unity/unity.md
b3473113-87e2-4e44-99a9-2dcc2e7d82aa|Council of Unity|faction|lore/the-raven-king.md
b3473113-87e2-4e44-99a9-2dcc2e7d82aa|Council of Unity|faction|lore/timeline.md
b3473113-87e2-4e44-99a9-2dcc2e7d82aa|Council of Unity|faction|npcs/Vika-Lana.md
7aad0f2e-ac76-4d74-819b-294f7713bfbe|Court of the Stars|faction|handouts/dariferra-journal.md
7aad0f2e-ac76-4d74-819b-294f7713bfbe|Court of the Stars|faction|handouts/rhetus-diary.md
7aad0f2e-ac76-4d74-819b-294f7713bfbe|Court of the Stars|faction|handouts/vika-lana-journal.md
7aad0f2e-ac76-4d74-819b-294f7713bfbe|Court of the Stars|faction|locations/argoth/ellish/unity/unity.md
7aad0f2e-ac76-4d74-819b-294f7713bfbe|Court of the Stars|faction|lore/hidden-truths.md
7aad0f2e-ac76-4d74-819b-294f7713bfbe|Court of the Stars|faction|lore/the-raven-king.md
7aad0f2e-ac76-4d74-819b-294f7713bfbe|Court of the Stars|faction|lore/timeline.md
7aad0f2e-ac76-4d74-819b-294f7713bfbe|Court of the Stars|faction|npcs/Rhetus.md
7aad0f2e-ac76-4d74-819b-294f7713bfbe|Court of the Stars|faction|npcs/Vika-Lana.md
161bf282-0e0c-4b41-b46b-6f7d64d377ba|Dariferra|npc|encounters/exile-camp-meeting.md
161bf282-0e0c-4b41-b46b-6f7d64d377ba|Dariferra|npc|encounters/fleurite-castle-dungeon.md
161bf282-0e0c-4b41-b46b-6f7d64d377ba|Dariferra|npc|encounters/the-descent.md
161bf282-0e0c-4b41-b46b-6f7d64d377ba|Dariferra|npc|gm/campaign-bible.md
161bf282-0e0c-4b41-b46b-6f7d64d377ba|Dariferra|npc|handouts/dariferra-journal.md
161bf282-0e0c-4b41-b46b-6f7d64d377ba|Dariferra|npc|locations/argoth/ellish/durg.md
161bf282-0e0c-4b41-b46b-6f7d64d377ba|Dariferra|npc|locations/catlantis/catlantis.md
161bf282-0e0c-4b41-b46b-6f7d64d377ba|Dariferra|npc|locations/illisan/fleurite/fleurite-castle.md
161bf282-0e0c-4b41-b46b-6f7d64d377ba|Dariferra|npc|locations/illisan/fleurite/monastery.md
161bf282-0e0c-4b41-b46b-6f7d64d377ba|Dariferra|npc|npcs/Arkin.md
161bf282-0e0c-4b41-b46b-6f7d64d377ba|Dariferra|npc|npcs/Dariferra.md
161bf282-0e0c-4b41-b46b-6f7d64d377ba|Dariferra|npc|npcs/Jace-Valamacke.md
161bf282-0e0c-4b41-b46b-6f7d64d377ba|Dariferra|npc|npcs/Lily-Valamacke.md
161bf282-0e0c-4b41-b46b-6f7d64d377ba|Dariferra|npc|npcs/Vika-Lana.md
161bf282-0e0c-4b41-b46b-6f7d64d377ba|Dariferra|npc|sessions/notes/2025-03-01.md
161bf282-0e0c-4b41-b46b-6f7d64d377ba|Dariferra|npc|sessions/notes/2025-12-06.md
161bf282-0e0c-4b41-b46b-6f7d64d377ba|Dariferra|npc|sessions/notes/2026-06-20.md
5b836a3f-5e45-415c-bdf2-3dd1173eaf17|Dava|npc|encounters/Ishirala/ishirala-perch.md
5b836a3f-5e45-415c-bdf2-3dd1173eaf17|Dava|npc|locations/argoth/merev/gamorra.md
5b836a3f-5e45-415c-bdf2-3dd1173eaf17|Dava|npc|pcs/zander-thromius.md
5b836a3f-5e45-415c-bdf2-3dd1173eaf17|Dava|npc|sessions/notes/2026-06-06.md
4d21551b-5da9-4c7b-aa47-5dce03ed77a1|Dean Kalandra|npc|encounters/Ishirala/ishirala-perch.md
4d21551b-5da9-4c7b-aa47-5dce03ed77a1|Dean Kalandra|npc|pcs/zander-thromius.md
4d21551b-5da9-4c7b-aa47-5dce03ed77a1|Dean Kalandra|npc|sessions/notes/2024-08-24.md
9e579740-484c-4991-b4fa-15f4579fdf78|Denrigar|location|locations/bastok/bastok.md
9e579740-484c-4991-b4fa-15f4579fdf78|Denrigar|location|locations/bastok/denrigar.md
9e579740-484c-4991-b4fa-15f4579fdf78|Denrigar|location|lore/the-raven-king.md
9e579740-484c-4991-b4fa-15f4579fdf78|Denrigar|location|lore/timeline.md
bc6bdd45-95a2-45a0-9a05-bad4398e1b6c|Dirty Duckling|location|locations/illisan/fleurite/dirty-duckling.md
bc6bdd45-95a2-45a0-9a05-bad4398e1b6c|Dirty Duckling|location|locations/illisan/fleurite/fleurite.md
bc6bdd45-95a2-45a0-9a05-bad4398e1b6c|Dirty Duckling|location|npcs/Jace-Valamacke.md
bc6bdd45-95a2-45a0-9a05-bad4398e1b6c|Dirty Duckling|location|npcs/Vika-Lana.md
bc6bdd45-95a2-45a0-9a05-bad4398e1b6c|Dirty Duckling|location|sessions/notes/2025-12-06.md
bc6bdd45-95a2-45a0-9a05-bad4398e1b6c|Dirty Duckling|location|sessions/notes/2026-07-25.md
d5b5a25c-24b6-4502-a3e8-7f21159aaca7|Durg|location|locations/argoth/ellish/durg.md
d5b5a25c-24b6-4502-a3e8-7f21159aaca7|Durg|location|locations/argoth/ellish/ellish.md
30e86e86-d3b9-40a5-bfdd-c846613d60aa|Dusk of Creation|worldbuilding|lore/creation-myth.md
2b46c749-f585-4c7f-97ba-58b3d96adc42|Ellish|location|locations/argoth/argoth.md
2b46c749-f585-4c7f-97ba-58b3d96adc42|Ellish|location|locations/argoth/ellish/durg.md
2b46c749-f585-4c7f-97ba-58b3d96adc42|Ellish|location|locations/argoth/ellish/ellish.md
2b46c749-f585-4c7f-97ba-58b3d96adc42|Ellish|location|locations/argoth/ellish/unity/unity.md
2b46c749-f585-4c7f-97ba-58b3d96adc42|Ellish|location|locations/argoth/merev/miradon-cascades.md
2b46c749-f585-4c7f-97ba-58b3d96adc42|Ellish|location|locations/embreth-ocean/embreth-ocean.md
2b46c749-f585-4c7f-97ba-58b3d96adc42|Ellish|location|lore/the-raven-king.md
2b46c749-f585-4c7f-97ba-58b3d96adc42|Ellish|location|lore/timeline.md
2b46c749-f585-4c7f-97ba-58b3d96adc42|Ellish|location|npcs/Vika-Lana.md
d3195114-c8cd-4fb3-b9fd-fbe46ff99fca|Embreth Ocean|location|locations/embreth-ocean/embreth-ocean.md
d3195114-c8cd-4fb3-b9fd-fbe46ff99fca|Embreth Ocean|location|locations/embreth-ocean/vaelthanore.md
4f9c00b5-bfbb-49c7-b702-92945f8e0cf6|Endora|npc|encounters/Ishirala/ishirala-perch.md
4f9c00b5-bfbb-49c7-b702-92945f8e0cf6|Endora|npc|lore/hidden-truths.md
4f9c00b5-bfbb-49c7-b702-92945f8e0cf6|Endora|npc|pcs/zander-thromius.md
aab48f4d-d7a3-4750-bb9f-753e77cb1aee|Eustice|npc|encounters/the-descent.md
aab48f4d-d7a3-4750-bb9f-753e77cb1aee|Eustice|npc|npcs/sorin-tarkohv.md
aab48f4d-d7a3-4750-bb9f-753e77cb1aee|Eustice|npc|sessions/notes/2025-11-08.md
102d734e-e90a-4ef6-9fc4-391889e31d35|Exile Camp|location|encounters/exile-camp-meeting.md
102d734e-e90a-4ef6-9fc4-391889e31d35|Exile Camp|location|encounters/the-descent.md
102d734e-e90a-4ef6-9fc4-391889e31d35|Exile Camp|location|locations/exile-camp.md
102d734e-e90a-4ef6-9fc4-391889e31d35|Exile Camp|location|locations/illisan/fleurite/exile-camp.md
102d734e-e90a-4ef6-9fc4-391889e31d35|Exile Camp|location|locations/illisan/fleurite/fleurite.md
102d734e-e90a-4ef6-9fc4-391889e31d35|Exile Camp|location|lore/goodmans-city.md
102d734e-e90a-4ef6-9fc4-391889e31d35|Exile Camp|location|lore/infinite-twilight.md
102d734e-e90a-4ef6-9fc4-391889e31d35|Exile Camp|location|npcs/Aris-Placidia.md
102d734e-e90a-4ef6-9fc4-391889e31d35|Exile Camp|location|npcs/Jace-Valamacke.md
102d734e-e90a-4ef6-9fc4-391889e31d35|Exile Camp|location|npcs/Lily-Valamacke.md
102d734e-e90a-4ef6-9fc4-391889e31d35|Exile Camp|location|npcs/Lucindus-Arellius.md
102d734e-e90a-4ef6-9fc4-391889e31d35|Exile Camp|location|npcs/Marcus-Leondis.md
102d734e-e90a-4ef6-9fc4-391889e31d35|Exile Camp|location|npcs/Maxis-Fontides.md
102d734e-e90a-4ef6-9fc4-391889e31d35|Exile Camp|location|npcs/Rinnald-Octinabeus.md
102d734e-e90a-4ef6-9fc4-391889e31d35|Exile Camp|location|npcs/Romulus.md
102d734e-e90a-4ef6-9fc4-391889e31d35|Exile Camp|location|npcs/Tichon-Darelius.md
102d734e-e90a-4ef6-9fc4-391889e31d35|Exile Camp|location|npcs/Vika-Lana.md
102d734e-e90a-4ef6-9fc4-391889e31d35|Exile Camp|location|sessions/notes/2026-08-22-exile-camp-0336fc21
58a11086-e9ed-4b17-b0f5-6d75f1d93a77|Faeroth Manor|location|handouts/dariferra-journal.md
58a11086-e9ed-4b17-b0f5-6d75f1d93a77|Faeroth Manor|location|locations/argoth/ellish/unity/faeroth-manor.md
58a11086-e9ed-4b17-b0f5-6d75f1d93a77|Faeroth Manor|location|locations/argoth/ellish/unity/unity.md
58a11086-e9ed-4b17-b0f5-6d75f1d93a77|Faeroth Manor|location|sessions/notes/2024-06-01.md
58a11086-e9ed-4b17-b0f5-6d75f1d93a77|Faeroth Manor|location|sessions/notes/2025-07-26.md
58a11086-e9ed-4b17-b0f5-6d75f1d93a77|Faeroth Manor|location|sessions/notes/2025-10-04.md
a41efd59-ea90-42d4-90d2-3d332bbac24b|Far Realm|location|encounters/exile-camp-meeting.md
a41efd59-ea90-42d4-90d2-3d332bbac24b|Far Realm|location|gm/campaign-bible.md
a41efd59-ea90-42d4-90d2-3d332bbac24b|Far Realm|location|locations/illisan/fleurite/fleurite-castle.md
a41efd59-ea90-42d4-90d2-3d332bbac24b|Far Realm|location|lore/cosmology.md
a41efd59-ea90-42d4-90d2-3d332bbac24b|Far Realm|location|lore/hidden-truths.md
a41efd59-ea90-42d4-90d2-3d332bbac24b|Far Realm|location|lore/infinite-twilight.md
a41efd59-ea90-42d4-90d2-3d332bbac24b|Far Realm|location|lore/timeline.md
a41efd59-ea90-42d4-90d2-3d332bbac24b|Far Realm|location|npcs/Arkin.md
a41efd59-ea90-42d4-90d2-3d332bbac24b|Far Realm|location|npcs/Romulus.md
a41efd59-ea90-42d4-90d2-3d332bbac24b|Far Realm|location|pcs/zander-thromius.md
a41efd59-ea90-42d4-90d2-3d332bbac24b|Far Realm|location|sessions/notes/2024-08-24.md
a41efd59-ea90-42d4-90d2-3d332bbac24b|Far Realm|location|sessions/notes/2025-03-01.md
62742387-6a7d-4966-9902-875a26097592|Far Realm Entity|npc|encounters/exile-camp-meeting.md
62742387-6a7d-4966-9902-875a26097592|Far Realm Entity|npc|gm/campaign-bible.md
62742387-6a7d-4966-9902-875a26097592|Far Realm Entity|npc|locations/illisan/fleurite/fleurite-castle.md
62742387-6a7d-4966-9902-875a26097592|Far Realm Entity|npc|lore/cosmology.md
62742387-6a7d-4966-9902-875a26097592|Far Realm Entity|npc|lore/infinite-twilight.md
62742387-6a7d-4966-9902-875a26097592|Far Realm Entity|npc|lore/timeline.md
62742387-6a7d-4966-9902-875a26097592|Far Realm Entity|npc|npcs/Arkin.md
62742387-6a7d-4966-9902-875a26097592|Far Realm Entity|npc|npcs/Romulus.md
ec520d71-d1ae-4442-b2b7-32bcc9852aa4|Fleurite|location|encounters/Ishirala/ishirala-upper-floors.md
ec520d71-d1ae-4442-b2b7-32bcc9852aa4|Fleurite|location|encounters/fleurite-castle-dungeon.md
ec520d71-d1ae-4442-b2b7-32bcc9852aa4|Fleurite|location|encounters/the-descent.md
ec520d71-d1ae-4442-b2b7-32bcc9852aa4|Fleurite|location|locations/illisan/fleurite/fleurite.md
ec520d71-d1ae-4442-b2b7-32bcc9852aa4|Fleurite|location|locations/illisan/fleurite/goodmans-city.md
ec520d71-d1ae-4442-b2b7-32bcc9852aa4|Fleurite|location|locations/illisan/shandriz-channel.md
ec520d71-d1ae-4442-b2b7-32bcc9852aa4|Fleurite|location|lore/timeline.md
ec520d71-d1ae-4442-b2b7-32bcc9852aa4|Fleurite|location|npcs/Dariferra.md
ec520d71-d1ae-4442-b2b7-32bcc9852aa4|Fleurite|location|npcs/Roccid.md
ec520d71-d1ae-4442-b2b7-32bcc9852aa4|Fleurite|location|npcs/sorin-tarkohv.md
00073b14-3661-48f2-afcf-05098052f275|Fleurite Castle|location|encounters/exile-camp-meeting.md
00073b14-3661-48f2-afcf-05098052f275|Fleurite Castle|location|locations/illisan/fleurite/fleurite-castle.md
00073b14-3661-48f2-afcf-05098052f275|Fleurite Castle|location|lore/timeline.md
00073b14-3661-48f2-afcf-05098052f275|Fleurite Castle|location|npcs/Dariferra.md
00073b14-3661-48f2-afcf-05098052f275|Fleurite Castle|location|npcs/Jace-Valamacke.md
00073b14-3661-48f2-afcf-05098052f275|Fleurite Castle|location|npcs/Lily-Valamacke.md
00073b14-3661-48f2-afcf-05098052f275|Fleurite Castle|location|npcs/Lucindus-Arellius.md
3545493e-7586-47af-a03f-0b9e219d63cd|Fleurite Exiles|faction|locations/exile-camp.md
3545493e-7586-47af-a03f-0b9e219d63cd|Fleurite Exiles|faction|npcs/Jace-Valamacke.md
3545493e-7586-47af-a03f-0b9e219d63cd|Fleurite Exiles|faction|npcs/Lily-Valamacke.md
3545493e-7586-47af-a03f-0b9e219d63cd|Fleurite Exiles|faction|npcs/Rinnald-Octinabeus.md
3545493e-7586-47af-a03f-0b9e219d63cd|Fleurite Exiles|faction|npcs/Vika-Lana.md
daa41ae2-c7f8-4b69-8581-310670a1a2fd|Fulmen'ra|npc|encounters/Ishirala/ishirala-floor4.md
daa41ae2-c7f8-4b69-8581-310670a1a2fd|Fulmen'ra|npc|encounters/Ishirala/ishirala-upper-floors.md
ff1a172d-58f2-400f-817e-2fda56d82fef|Gamorra|location|encounters/Ishirala/ishirala-perch.md
ff1a172d-58f2-400f-817e-2fda56d82fef|Gamorra|location|locations/argoth/merev/gamorra.md
ff1a172d-58f2-400f-817e-2fda56d82fef|Gamorra|location|locations/argoth/merev/merev.md
ff1a172d-58f2-400f-817e-2fda56d82fef|Gamorra|location|pcs/zander-thromius.md
f05ccd23-3796-42bd-b723-3401a35fca35|Golden Dawn|worldbuilding|encounters/Ishirala/ishirala-perch.md
f05ccd23-3796-42bd-b723-3401a35fca35|Golden Dawn|worldbuilding|encounters/exile-camp-meeting.md
f05ccd23-3796-42bd-b723-3401a35fca35|Golden Dawn|worldbuilding|gm/campaign-bible.md
f05ccd23-3796-42bd-b723-3401a35fca35|Golden Dawn|worldbuilding|handouts/rhetus-diary.md
f05ccd23-3796-42bd-b723-3401a35fca35|Golden Dawn|worldbuilding|handouts/vika-lana-journal.md
f05ccd23-3796-42bd-b723-3401a35fca35|Golden Dawn|worldbuilding|locations/argoth/ellish/unity/church-of-the-golden-dawn.md
f05ccd23-3796-42bd-b723-3401a35fca35|Golden Dawn|worldbuilding|locations/argoth/ellish/unity/unity.md
f05ccd23-3796-42bd-b723-3401a35fca35|Golden Dawn|worldbuilding|lore/cosmology.md
f05ccd23-3796-42bd-b723-3401a35fca35|Golden Dawn|worldbuilding|lore/creation-myth.md
f05ccd23-3796-42bd-b723-3401a35fca35|Golden Dawn|worldbuilding|lore/hidden-truths.md
f05ccd23-3796-42bd-b723-3401a35fca35|Golden Dawn|worldbuilding|lore/infinite-twilight.md
f05ccd23-3796-42bd-b723-3401a35fca35|Golden Dawn|worldbuilding|lore/the-raven-king.md
f05ccd23-3796-42bd-b723-3401a35fca35|Golden Dawn|worldbuilding|lore/timeline.md
f05ccd23-3796-42bd-b723-3401a35fca35|Golden Dawn|worldbuilding|npcs/Vika-Lana.md
f05ccd23-3796-42bd-b723-3401a35fca35|Golden Dawn|worldbuilding|npcs/ishigo-dan.md
f05ccd23-3796-42bd-b723-3401a35fca35|Golden Dawn|worldbuilding|sessions/notes/2024-01-06.md
f05ccd23-3796-42bd-b723-3401a35fca35|Golden Dawn|worldbuilding|sessions/notes/2024-03-30.md
f9a65b37-470e-4427-b95d-8950551270be|Goodman|npc|lore/timeline.md
f9a65b37-470e-4427-b95d-8950551270be|Goodman|npc|npcs/Goodman.md
f9a65b37-470e-4427-b95d-8950551270be|Goodman|npc|npcs/Romulus.md
e137a823-f34f-4307-bbba-8f10a2a0adb5|Goodman City Exiles|faction|locations/exile-camp.md
e137a823-f34f-4307-bbba-8f10a2a0adb5|Goodman City Exiles|faction|npcs/Aris-Placidia.md
e137a823-f34f-4307-bbba-8f10a2a0adb5|Goodman City Exiles|faction|npcs/Marcus-Leondis.md
e137a823-f34f-4307-bbba-8f10a2a0adb5|Goodman City Exiles|faction|npcs/Maxis-Fontides.md
e137a823-f34f-4307-bbba-8f10a2a0adb5|Goodman City Exiles|faction|npcs/Tichon-Darelius.md
7607e676-f7a4-4c31-80be-6ce9933037e6|Goodman's City|location|locations/exile-camp.md
7607e676-f7a4-4c31-80be-6ce9933037e6|Goodman's City|location|locations/illisan/fleurite/goodmans-city.md
7607e676-f7a4-4c31-80be-6ce9933037e6|Goodman's City|location|npcs/Aris-Placidia.md
7607e676-f7a4-4c31-80be-6ce9933037e6|Goodman's City|location|npcs/Jace-Valamacke.md
7607e676-f7a4-4c31-80be-6ce9933037e6|Goodman's City|location|npcs/Lily-Valamacke.md
7607e676-f7a4-4c31-80be-6ce9933037e6|Goodman's City|location|npcs/Marcus-Leondis.md
7607e676-f7a4-4c31-80be-6ce9933037e6|Goodman's City|location|npcs/Maxis-Fontides.md
7607e676-f7a4-4c31-80be-6ce9933037e6|Goodman's City|location|npcs/Tichon-Darelius.md
a686bca5-2042-40aa-9e86-7f45fef777b6|Gren|npc|encounters/exile-camp-meeting.md
a686bca5-2042-40aa-9e86-7f45fef777b6|Gren|npc|sessions/notes/2025-11-08.md
a686bca5-2042-40aa-9e86-7f45fef777b6|Gren|npc|sessions/notes/2026-07-18.md
8a97709d-2002-4693-bcac-a640efd197d1|Grey House|location|encounters/exile-camp-meeting.md
8a97709d-2002-4693-bcac-a640efd197d1|Grey House|location|encounters/fleurite-castle-dungeon.md
8a97709d-2002-4693-bcac-a640efd197d1|Grey House|location|locations/illisan/fleurite/fleurite.md
8a97709d-2002-4693-bcac-a640efd197d1|Grey House|location|locations/illisan/fleurite/grey-house.md
8a97709d-2002-4693-bcac-a640efd197d1|Grey House|location|npcs/Jace-Valamacke.md
8a97709d-2002-4693-bcac-a640efd197d1|Grey House|location|npcs/Lily-Valamacke.md
8a97709d-2002-4693-bcac-a640efd197d1|Grey House|location|sessions/notes/2025-12-20.md
f7e337e1-c49c-4fae-8d09-03f100115164|Heart of Unity|location|locations/argoth/ellish/unity/heart-of-unity.md
f7e337e1-c49c-4fae-8d09-03f100115164|Heart of Unity|location|locations/argoth/ellish/unity/unity.md
f7e337e1-c49c-4fae-8d09-03f100115164|Heart of Unity|location|npcs/Vika-Lana.md
9c09cfd6-28a3-4c74-b7f6-153ba120a9b0|Illisan|location|encounters/the-descent.md
9c09cfd6-28a3-4c74-b7f6-153ba120a9b0|Illisan|location|locations/embreth-ocean/embreth-ocean.md
9c09cfd6-28a3-4c74-b7f6-153ba120a9b0|Illisan|location|locations/illisan/fleurite/fleurite.md
9c09cfd6-28a3-4c74-b7f6-153ba120a9b0|Illisan|location|locations/illisan/illisan.md
9c09cfd6-28a3-4c74-b7f6-153ba120a9b0|Illisan|location|locations/illisan/shandriz-channel.md
9c09cfd6-28a3-4c74-b7f6-153ba120a9b0|Illisan|location|locations/illisan/veram.md
9c09cfd6-28a3-4c74-b7f6-153ba120a9b0|Illisan|location|lore/cosmology.md
7fcf7e8d-003b-466f-969a-b66c7339fa97|Infinite Twilight|worldbuilding|encounters/Return-to-the-Monastery/overview.md
7fcf7e8d-003b-466f-969a-b66c7339fa97|Infinite Twilight|worldbuilding|encounters/exile-camp-meeting.md
7fcf7e8d-003b-466f-969a-b66c7339fa97|Infinite Twilight|worldbuilding|locations/illisan/fleurite/fleurite-castle.md
7fcf7e8d-003b-466f-969a-b66c7339fa97|Infinite Twilight|worldbuilding|lore/cosmology.md
7fcf7e8d-003b-466f-969a-b66c7339fa97|Infinite Twilight|worldbuilding|lore/infinite-twilight.md
7fcf7e8d-003b-466f-969a-b66c7339fa97|Infinite Twilight|worldbuilding|lore/timeline.md
7fcf7e8d-003b-466f-969a-b66c7339fa97|Infinite Twilight|worldbuilding|npcs/Rhetus.md
7fcf7e8d-003b-466f-969a-b66c7339fa97|Infinite Twilight|worldbuilding|npcs/Romulus.md
7fcf7e8d-003b-466f-969a-b66c7339fa97|Infinite Twilight|worldbuilding|npcs/Vika-Lana.md
d32394d8-0b06-4f9a-a0cd-b1ed3205fbea|Inquisitors|faction|encounters/Ishirala/ishirala-perch.md
d32394d8-0b06-4f9a-a0cd-b1ed3205fbea|Inquisitors|faction|encounters/exile-camp-meeting.md
d32394d8-0b06-4f9a-a0cd-b1ed3205fbea|Inquisitors|faction|locations/exile-camp.md
d32394d8-0b06-4f9a-a0cd-b1ed3205fbea|Inquisitors|faction|locations/illisan/fleurite/fleurite-castle.md
d32394d8-0b06-4f9a-a0cd-b1ed3205fbea|Inquisitors|faction|locations/illisan/fleurite/fleurite.md
d32394d8-0b06-4f9a-a0cd-b1ed3205fbea|Inquisitors|faction|lore/cosmology.md
d32394d8-0b06-4f9a-a0cd-b1ed3205fbea|Inquisitors|faction|lore/infinite-twilight.md
d32394d8-0b06-4f9a-a0cd-b1ed3205fbea|Inquisitors|faction|lore/timeline.md
d32394d8-0b06-4f9a-a0cd-b1ed3205fbea|Inquisitors|faction|npcs/Dariferra.md
d32394d8-0b06-4f9a-a0cd-b1ed3205fbea|Inquisitors|faction|npcs/Goodman.md
d32394d8-0b06-4f9a-a0cd-b1ed3205fbea|Inquisitors|faction|npcs/Jace-Valamacke.md
d32394d8-0b06-4f9a-a0cd-b1ed3205fbea|Inquisitors|faction|npcs/Lily-Valamacke.md
d32394d8-0b06-4f9a-a0cd-b1ed3205fbea|Inquisitors|faction|npcs/Lucindus-Arellius.md
d32394d8-0b06-4f9a-a0cd-b1ed3205fbea|Inquisitors|faction|npcs/Rhetus.md
d32394d8-0b06-4f9a-a0cd-b1ed3205fbea|Inquisitors|faction|npcs/Rinnald-Octinabeus.md
d32394d8-0b06-4f9a-a0cd-b1ed3205fbea|Inquisitors|faction|npcs/Romulus.md
d32394d8-0b06-4f9a-a0cd-b1ed3205fbea|Inquisitors|faction|npcs/ishigo-dan.md
d32394d8-0b06-4f9a-a0cd-b1ed3205fbea|Inquisitors|faction|pcs/zander-thromius.md
1438d8a8-aa2d-486c-9e3c-25b4fcc2c91b|Ishaeal|location|locations/illisan/fleurite/fleurite.md
1438d8a8-aa2d-486c-9e3c-25b4fcc2c91b|Ishaeal|location|locations/illisan/fleurite/ishaeal.md
b196b041-a914-4d45-8072-dcb546e4ddc4|Ishi'go'dan|npc|encounters/Ishirala/ishirala-perch.md
b196b041-a914-4d45-8072-dcb546e4ddc4|Ishi'go'dan|npc|encounters/exile-camp-meeting.md
b196b041-a914-4d45-8072-dcb546e4ddc4|Ishi'go'dan|npc|npcs/ishigo-dan.md
eb506ebf-7889-4333-b0ac-3a6cd2651c45|Ishi'ra'la|location|encounters/exile-camp-meeting.md
eb506ebf-7889-4333-b0ac-3a6cd2651c45|Ishi'ra'la|location|locations/illisan/fleurite/ishirala.md
eb506ebf-7889-4333-b0ac-3a6cd2651c45|Ishi'ra'la|location|lore/cosmology.md
eb506ebf-7889-4333-b0ac-3a6cd2651c45|Ishi'ra'la|location|lore/hidden-truths.md
eb506ebf-7889-4333-b0ac-3a6cd2651c45|Ishi'ra'la|location|npcs/Vika-Lana.md
eb506ebf-7889-4333-b0ac-3a6cd2651c45|Ishi'ra'la|location|npcs/ishigo-dan.md
eb506ebf-7889-4333-b0ac-3a6cd2651c45|Ishi'ra'la|location|sessions/notes/2026-02-14.md
f31d50b8-f61c-4c30-8dd1-23f571d63f30|Jace Valamacke|npc|encounters/exile-camp-meeting.md
f31d50b8-f61c-4c30-8dd1-23f571d63f30|Jace Valamacke|npc|encounters/fleurite-castle-dungeon.md
f31d50b8-f61c-4c30-8dd1-23f571d63f30|Jace Valamacke|npc|encounters/the-descent.md
f31d50b8-f61c-4c30-8dd1-23f571d63f30|Jace Valamacke|npc|locations/exile-camp.md
f31d50b8-f61c-4c30-8dd1-23f571d63f30|Jace Valamacke|npc|locations/illisan/fleurite/exile-camp.md
f31d50b8-f61c-4c30-8dd1-23f571d63f30|Jace Valamacke|npc|npcs/Aris-Placidia.md
f31d50b8-f61c-4c30-8dd1-23f571d63f30|Jace Valamacke|npc|npcs/Jace-Valamacke.md
f31d50b8-f61c-4c30-8dd1-23f571d63f30|Jace Valamacke|npc|npcs/Lily-Valamacke.md
f31d50b8-f61c-4c30-8dd1-23f571d63f30|Jace Valamacke|npc|npcs/Lucindus-Arellius.md
f31d50b8-f61c-4c30-8dd1-23f571d63f30|Jace Valamacke|npc|npcs/Maxis-Fontides.md
f31d50b8-f61c-4c30-8dd1-23f571d63f30|Jace Valamacke|npc|npcs/Rinnald-Octinabeus.md
f31d50b8-f61c-4c30-8dd1-23f571d63f30|Jace Valamacke|npc|npcs/Tichon-Darelius.md
f31d50b8-f61c-4c30-8dd1-23f571d63f30|Jace Valamacke|npc|npcs/Vika-Lana.md
f31d50b8-f61c-4c30-8dd1-23f571d63f30|Jace Valamacke|npc|sessions/notes/2025-12-06.md
f31d50b8-f61c-4c30-8dd1-23f571d63f30|Jace Valamacke|npc|sessions/notes/2026-06-20.md
f31d50b8-f61c-4c30-8dd1-23f571d63f30|Jace Valamacke|npc|sessions/notes/2026-07-25.md
30d5df30-2f4a-49e0-971a-b1eca3e55448|Kira Lana|npc|npcs/Vika-Lana.md
30d5df30-2f4a-49e0-971a-b1eca3e55448|Kira Lana|npc|sessions/notes/2024-01-06.md
30d5df30-2f4a-49e0-971a-b1eca3e55448|Kira Lana|npc|sessions/notes/2024-07-27.md
30d5df30-2f4a-49e0-971a-b1eca3e55448|Kira Lana|npc|sessions/notes/2024-09-28.md
fe26bc68-9415-4f6a-92f3-0ee09dc9ea4c|Krypta|npc|lore/cosmology.md
fe26bc68-9415-4f6a-92f3-0ee09dc9ea4c|Krypta|npc|lore/creation-myth.md
ca573abb-135f-5918-aaf4-89de64a258fe|Ladir|pc|encounters/Ishirala/ishirala-floor3.md
ca573abb-135f-5918-aaf4-89de64a258fe|Ladir|pc|encounters/Ishirala/ishirala-floor4.md
ca573abb-135f-5918-aaf4-89de64a258fe|Ladir|pc|encounters/Ishirala/ishirala-perch.md
ca573abb-135f-5918-aaf4-89de64a258fe|Ladir|pc|encounters/exile-camp-meeting.md
ca573abb-135f-5918-aaf4-89de64a258fe|Ladir|pc|lore/timeline.md
ca573abb-135f-5918-aaf4-89de64a258fe|Ladir|pc|npcs/ishigo-dan.md
ca573abb-135f-5918-aaf4-89de64a258fe|Ladir|pc|pcs/ladir.md
ca573abb-135f-5918-aaf4-89de64a258fe|Ladir|pc|sessions/notes/2024-03-16.md
ca573abb-135f-5918-aaf4-89de64a258fe|Ladir|pc|sessions/notes/2024-05-11.md
ca573abb-135f-5918-aaf4-89de64a258fe|Ladir|pc|sessions/notes/2024-06-01.md
ca573abb-135f-5918-aaf4-89de64a258fe|Ladir|pc|sessions/notes/2024-08-24.md
ca573abb-135f-5918-aaf4-89de64a258fe|Ladir|pc|sessions/notes/2025-01-25.md
ca573abb-135f-5918-aaf4-89de64a258fe|Ladir|pc|sessions/notes/2025-07-26.md
ca573abb-135f-5918-aaf4-89de64a258fe|Ladir|pc|sessions/notes/2025-12-06.md
ca573abb-135f-5918-aaf4-89de64a258fe|Ladir|pc|sessions/notes/2026-02-14.md
ca573abb-135f-5918-aaf4-89de64a258fe|Ladir|pc|sessions/notes/2026-02-21.md
ca573abb-135f-5918-aaf4-89de64a258fe|Ladir|pc|sessions/notes/2026-04-25.md
ca573abb-135f-5918-aaf4-89de64a258fe|Ladir|pc|sessions/notes/2026-05-09.md
ca573abb-135f-5918-aaf4-89de64a258fe|Ladir|pc|sessions/notes/2026-06-06.md
ca573abb-135f-5918-aaf4-89de64a258fe|Ladir|pc|sessions/notes/2026-06-20.md
ca573abb-135f-5918-aaf4-89de64a258fe|Ladir|pc|sessions/notes/2026-07-18.md
5d9b3cdf-8784-4d11-a7ab-e1dd3f6824ab|Leggiat Maneau|npc|encounters/exile-camp-meeting.md
5d9b3cdf-8784-4d11-a7ab-e1dd3f6824ab|Leggiat Maneau|npc|npcs/Jace-Valamacke.md
3d8bf415-aafe-4786-b8cd-0fd06ee10b04|Ley Lines|worldbuilding|encounters/Ishirala/ishirala-perch.md
3d8bf415-aafe-4786-b8cd-0fd06ee10b04|Ley Lines|worldbuilding|lore/cosmology.md
3d8bf415-aafe-4786-b8cd-0fd06ee10b04|Ley Lines|worldbuilding|lore/creation-myth.md
3d8bf415-aafe-4786-b8cd-0fd06ee10b04|Ley Lines|worldbuilding|npcs/Arkin.md
3d8bf415-aafe-4786-b8cd-0fd06ee10b04|Ley Lines|worldbuilding|npcs/ishigo-dan.md
4ed3304d-92ac-454d-8ad4-72568fb9b784|Lily Valamacke|npc|encounters/exile-camp-meeting.md
4ed3304d-92ac-454d-8ad4-72568fb9b784|Lily Valamacke|npc|encounters/fleurite-castle-dungeon.md
4ed3304d-92ac-454d-8ad4-72568fb9b784|Lily Valamacke|npc|npcs/Jace-Valamacke.md
4ed3304d-92ac-454d-8ad4-72568fb9b784|Lily Valamacke|npc|npcs/Lily-Valamacke.md
91633978-7abc-4a0e-98fd-fdfe89672ee5|Lucindus Arellius|npc|encounters/exile-camp-meeting.md
91633978-7abc-4a0e-98fd-fdfe89672ee5|Lucindus Arellius|npc|npcs/Lucindus-Arellius.md
d95cbfcb-d4cb-45fc-bb9b-66ee500c9e33|Lucius Galla|npc|sessions/notes/2024-08-24.md
d95cbfcb-d4cb-45fc-bb9b-66ee500c9e33|Lucius Galla|npc|sessions/notes/2024-09-28.md
bb1f568f-2bb7-4b43-99f8-0becd437fbf4|Malygos|npc|encounters/Ishirala/ishirala-perch.md
bb1f568f-2bb7-4b43-99f8-0becd437fbf4|Malygos|npc|encounters/exile-camp-meeting.md
bb1f568f-2bb7-4b43-99f8-0becd437fbf4|Malygos|npc|gm/campaign-bible.md
bb1f568f-2bb7-4b43-99f8-0becd437fbf4|Malygos|npc|handouts/rhetus-diary.md
bb1f568f-2bb7-4b43-99f8-0becd437fbf4|Malygos|npc|locations/argoth/ellish/unity/church-of-the-golden-dawn.md
bb1f568f-2bb7-4b43-99f8-0becd437fbf4|Malygos|npc|locations/illisan/fleurite/fleurite-castle.md
bb1f568f-2bb7-4b43-99f8-0becd437fbf4|Malygos|npc|locations/illisan/fleurite/goodmans-city.md
bb1f568f-2bb7-4b43-99f8-0becd437fbf4|Malygos|npc|lore/cosmology.md
bb1f568f-2bb7-4b43-99f8-0becd437fbf4|Malygos|npc|lore/creation-myth.md
bb1f568f-2bb7-4b43-99f8-0becd437fbf4|Malygos|npc|lore/goodmans-city.md
bb1f568f-2bb7-4b43-99f8-0becd437fbf4|Malygos|npc|lore/hidden-truths.md
bb1f568f-2bb7-4b43-99f8-0becd437fbf4|Malygos|npc|lore/infinite-twilight.md
bb1f568f-2bb7-4b43-99f8-0becd437fbf4|Malygos|npc|lore/timeline.md
bb1f568f-2bb7-4b43-99f8-0becd437fbf4|Malygos|npc|npcs/Arkin.md
bb1f568f-2bb7-4b43-99f8-0becd437fbf4|Malygos|npc|npcs/Goodman.md
bb1f568f-2bb7-4b43-99f8-0becd437fbf4|Malygos|npc|npcs/Rhetus.md
bb1f568f-2bb7-4b43-99f8-0becd437fbf4|Malygos|npc|npcs/Romulus.md
bb1f568f-2bb7-4b43-99f8-0becd437fbf4|Malygos|npc|npcs/Vika-Lana.md
bb1f568f-2bb7-4b43-99f8-0becd437fbf4|Malygos|npc|npcs/ishigo-dan.md
974c2752-9695-42d9-9dbe-04b00c79a653|Mantle of Magic|worldbuilding|encounters/Return-to-the-Monastery/overview.md
974c2752-9695-42d9-9dbe-04b00c79a653|Mantle of Magic|worldbuilding|locations/illisan/fleurite/monastery.md
974c2752-9695-42d9-9dbe-04b00c79a653|Mantle of Magic|worldbuilding|npcs/Arkin.md
84f3804a-2cfb-4718-873f-4576ebfadee7|Marcus Leondis|npc|encounters/exile-camp-meeting.md
84f3804a-2cfb-4718-873f-4576ebfadee7|Marcus Leondis|npc|locations/exile-camp.md
84f3804a-2cfb-4718-873f-4576ebfadee7|Marcus Leondis|npc|npcs/Marcus-Leondis.md
84f3804a-2cfb-4718-873f-4576ebfadee7|Marcus Leondis|npc|npcs/Tichon-Darelius.md
84f3804a-2cfb-4718-873f-4576ebfadee7|Marcus Leondis|npc|sessions/notes/2026-08-22-exile-camp-0336fc21
a526ebbf-4083-4fce-ade3-e582c05048f8|Martin Faeroth|npc|handouts/dariferra-journal.md
a526ebbf-4083-4fce-ade3-e582c05048f8|Martin Faeroth|npc|handouts/rhetus-diary.md
a526ebbf-4083-4fce-ade3-e582c05048f8|Martin Faeroth|npc|sessions/notes/2025-03-01.md
a526ebbf-4083-4fce-ade3-e582c05048f8|Martin Faeroth|npc|sessions/notes/2025-09-13.md
80a4991a-b111-4f4d-9096-e775edd386d7|Material Plane|location|lore/cosmology.md
80a4991a-b111-4f4d-9096-e775edd386d7|Material Plane|location|lore/infinite-twilight.md
80a4991a-b111-4f4d-9096-e775edd386d7|Material Plane|location|npcs/ishigo-dan.md
139077cf-4189-4308-b5b7-10c73402fb96|Maxis Fontides|npc|encounters/exile-camp-meeting.md
139077cf-4189-4308-b5b7-10c73402fb96|Maxis Fontides|npc|locations/exile-camp.md
139077cf-4189-4308-b5b7-10c73402fb96|Maxis Fontides|npc|lore/goodmans-city.md
139077cf-4189-4308-b5b7-10c73402fb96|Maxis Fontides|npc|npcs/Aris-Placidia.md
139077cf-4189-4308-b5b7-10c73402fb96|Maxis Fontides|npc|npcs/Marcus-Leondis.md
139077cf-4189-4308-b5b7-10c73402fb96|Maxis Fontides|npc|npcs/Maxis-Fontides.md
139077cf-4189-4308-b5b7-10c73402fb96|Maxis Fontides|npc|npcs/Tichon-Darelius.md
e49db770-99dd-46c5-94d9-4208e8c49b8c|Medallions of the Golden Dawn|item|encounters/Ishirala/ishirala-perch.md
e49db770-99dd-46c5-94d9-4208e8c49b8c|Medallions of the Golden Dawn|item|lore/hidden-truths.md
e49db770-99dd-46c5-94d9-4208e8c49b8c|Medallions of the Golden Dawn|item|lore/the-raven-king.md
e49db770-99dd-46c5-94d9-4208e8c49b8c|Medallions of the Golden Dawn|item|npcs/Vika-Lana.md
e49db770-99dd-46c5-94d9-4208e8c49b8c|Medallions of the Golden Dawn|item|npcs/ishigo-dan.md
0bd71592-ac4e-4160-bd28-b83a31d0ac81|Merev|location|locations/argoth/argoth.md
0bd71592-ac4e-4160-bd28-b83a31d0ac81|Merev|location|locations/argoth/merev/gamorra.md
0bd71592-ac4e-4160-bd28-b83a31d0ac81|Merev|location|locations/argoth/merev/merev.md
0bd71592-ac4e-4160-bd28-b83a31d0ac81|Merev|location|locations/argoth/merev/miradon-cascades.md
0bd71592-ac4e-4160-bd28-b83a31d0ac81|Merev|location|locations/bastok/bastok.md
0bd71592-ac4e-4160-bd28-b83a31d0ac81|Merev|location|lore/cosmology.md
0bd71592-ac4e-4160-bd28-b83a31d0ac81|Merev|location|pcs/zander-thromius.md
eddc273f-602e-4874-8db8-48e3da465b58|Merghana|npc|lore/thanore-history.md
eddc273f-602e-4874-8db8-48e3da465b58|Merghana|npc|lore/timeline.md
eddc273f-602e-4874-8db8-48e3da465b58|Merghana|npc|sessions/notes/2025-03-01.md
cba5809e-ddab-4617-badd-9de8bdb4a46a|Merica Budeaux|npc|sessions/notes/2024-08-24.md
cba5809e-ddab-4617-badd-9de8bdb4a46a|Merica Budeaux|npc|sessions/notes/2024-09-28.md
cba5809e-ddab-4617-badd-9de8bdb4a46a|Merica Budeaux|npc|sessions/notes/2025-07-19.md
cba5809e-ddab-4617-badd-9de8bdb4a46a|Merica Budeaux|npc|sessions/notes/2025-09-13.md
598780c4-fd85-4767-99cb-d5ab4d234a8c|Merry Bilge|location|locations/illisan/shandriz-channel.md
598780c4-fd85-4767-99cb-d5ab4d234a8c|Merry Bilge|location|sessions/notes/2025-10-18.md
94a9971f-4479-43dd-94e2-30b0be64edc3|Michael Stromgard|npc|handouts/dariferra-journal.md
94a9971f-4479-43dd-94e2-30b0be64edc3|Michael Stromgard|npc|handouts/mad-journal.md
94a9971f-4479-43dd-94e2-30b0be64edc3|Michael Stromgard|npc|handouts/rhetus-diary.md
94a9971f-4479-43dd-94e2-30b0be64edc3|Michael Stromgard|npc|sessions/notes/2024-05-25.md
94a9971f-4479-43dd-94e2-30b0be64edc3|Michael Stromgard|npc|sessions/notes/2024-06-01.md
3358f81e-4bfb-412b-80a5-0d2a28fa444f|Mira'lor'ren|npc|locations/argoth/merev/miradon-cascades.md
3358f81e-4bfb-412b-80a5-0d2a28fa444f|Mira'lor'ren|npc|lore/cosmology.md
75dac458-ef86-42e0-aab7-3ea81a434cf2|Miradon Cascades|location|locations/argoth/merev/merev.md
75dac458-ef86-42e0-aab7-3ea81a434cf2|Miradon Cascades|location|locations/argoth/merev/miradon-cascades.md
f91235de-72ba-4691-9b71-dc170c590ba9|Monastery of Arkin|location|encounters/Ishirala/ishirala-floor3.md
f91235de-72ba-4691-9b71-dc170c590ba9|Monastery of Arkin|location|encounters/Return-to-the-Monastery/overview.md
f91235de-72ba-4691-9b71-dc170c590ba9|Monastery of Arkin|location|encounters/the-descent.md
f91235de-72ba-4691-9b71-dc170c590ba9|Monastery of Arkin|location|locations/illisan/fleurite/fleurite.md
f91235de-72ba-4691-9b71-dc170c590ba9|Monastery of Arkin|location|locations/illisan/fleurite/monastery.md
f91235de-72ba-4691-9b71-dc170c590ba9|Monastery of Arkin|location|lore/cosmology.md
f91235de-72ba-4691-9b71-dc170c590ba9|Monastery of Arkin|location|npcs/Arkin.md
f91235de-72ba-4691-9b71-dc170c590ba9|Monastery of Arkin|location|npcs/Dariferra.md
f91235de-72ba-4691-9b71-dc170c590ba9|Monastery of Arkin|location|npcs/Roccid.md
f91235de-72ba-4691-9b71-dc170c590ba9|Monastery of Arkin|location|npcs/Romulus.md
f91235de-72ba-4691-9b71-dc170c590ba9|Monastery of Arkin|location|npcs/ishigo-dan.md
f91235de-72ba-4691-9b71-dc170c590ba9|Monastery of Arkin|location|npcs/sorin-tarkohv.md
f91235de-72ba-4691-9b71-dc170c590ba9|Monastery of Arkin|location|sessions/notes/2026-06-20.md
f6ff2105-835d-44bb-82fc-d9efc35571db|Morli Kannaneth|npc|lore/thanore-history.md
ccd833b6-1cca-404e-b4b7-49d48a8a87df|Myrin|location|encounters/Ishirala/ishirala-floor4.md
ccd833b6-1cca-404e-b4b7-49d48a8a87df|Myrin|location|locations/argoth/argoth.md
ccd833b6-1cca-404e-b4b7-49d48a8a87df|Myrin|location|locations/argoth/ellish/unity/unity.md
ccd833b6-1cca-404e-b4b7-49d48a8a87df|Myrin|location|locations/bastok/bastok.md
ccd833b6-1cca-404e-b4b7-49d48a8a87df|Myrin|location|locations/catlantis/catlantis.md
ccd833b6-1cca-404e-b4b7-49d48a8a87df|Myrin|location|locations/embreth-ocean/embreth-ocean.md
ccd833b6-1cca-404e-b4b7-49d48a8a87df|Myrin|location|locations/illisan/fleurite/ishirala.md
ccd833b6-1cca-404e-b4b7-49d48a8a87df|Myrin|location|locations/illisan/illisan.md
ccd833b6-1cca-404e-b4b7-49d48a8a87df|Myrin|location|locations/mythis/mythis.md
ccd833b6-1cca-404e-b4b7-49d48a8a87df|Myrin|location|lore/cosmology.md
ccd833b6-1cca-404e-b4b7-49d48a8a87df|Myrin|location|lore/creation-myth.md
ccd833b6-1cca-404e-b4b7-49d48a8a87df|Myrin|location|lore/infinite-twilight.md
ccd833b6-1cca-404e-b4b7-49d48a8a87df|Myrin|location|lore/timeline.md
ccd833b6-1cca-404e-b4b7-49d48a8a87df|Myrin|location|npcs/Arkin.md
ccd833b6-1cca-404e-b4b7-49d48a8a87df|Myrin|location|npcs/Romulus.md
ccd833b6-1cca-404e-b4b7-49d48a8a87df|Myrin|location|npcs/ishigo-dan.md
ccd833b6-1cca-404e-b4b7-49d48a8a87df|Myrin|location|sessions/notes/2024-03-30.md
bffa4811-9055-4acc-9263-d5e557823d83|Mythis|location|encounters/the-descent.md
bffa4811-9055-4acc-9263-d5e557823d83|Mythis|location|locations/mythis/mythis.md
bffa4811-9055-4acc-9263-d5e557823d83|Mythis|location|locations/mythis/ragnok.md
bffa4811-9055-4acc-9263-d5e557823d83|Mythis|location|lore/cosmology.md
bffa4811-9055-4acc-9263-d5e557823d83|Mythis|location|lore/infinite-twilight.md
bffa4811-9055-4acc-9263-d5e557823d83|Mythis|location|npcs/Romulus.md
bffa4811-9055-4acc-9263-d5e557823d83|Mythis|location|npcs/ishigo-dan.md
001878d7-e45f-4340-ad2d-240740fbd30c|Mythis Minor|location|encounters/the-descent.md
001878d7-e45f-4340-ad2d-240740fbd30c|Mythis Minor|location|locations/mythis/mythis.md
001878d7-e45f-4340-ad2d-240740fbd30c|Mythis Minor|location|lore/cosmology.md
001878d7-e45f-4340-ad2d-240740fbd30c|Mythis Minor|location|npcs/Romulus.md
001878d7-e45f-4340-ad2d-240740fbd30c|Mythis Minor|location|npcs/ishigo-dan.md
aaf1e0dc-ab96-43b7-b75f-0fe8367f4681|Ocho|location|lore/timeline.md
aaf1e0dc-ab96-43b7-b75f-0fe8367f4681|Ocho|location|npcs/Goodman.md
aaf1e0dc-ab96-43b7-b75f-0fe8367f4681|Ocho|location|npcs/Romulus.md
aaf1e0dc-ab96-43b7-b75f-0fe8367f4681|Ocho|location|npcs/original-white-cloaks.md
134b7269-fce9-423c-b3fa-66949ce48ff1|Oracles|faction|encounters/Ishirala/ishirala-perch.md
134b7269-fce9-423c-b3fa-66949ce48ff1|Oracles|faction|lore/cosmology.md
134b7269-fce9-423c-b3fa-66949ce48ff1|Oracles|faction|lore/creation-myth.md
134b7269-fce9-423c-b3fa-66949ce48ff1|Oracles|faction|lore/timeline.md
653aa095-6106-492b-a960-63a4c888d4aa|Order of the Golden Dawn|faction|encounters/exile-camp-meeting.md
653aa095-6106-492b-a960-63a4c888d4aa|Order of the Golden Dawn|faction|handouts/vika-lana-journal.md
653aa095-6106-492b-a960-63a4c888d4aa|Order of the Golden Dawn|faction|npcs/Vika-Lana.md
dc43a205-fff7-4ef6-b3dc-1ed68903063f|Osirus|npc|lore/cosmology.md
dc43a205-fff7-4ef6-b3dc-1ed68903063f|Osirus|npc|lore/creation-myth.md
c1132f45-6206-449a-a956-b1f9385c22b7|Outriders|faction|encounters/the-descent.md
c1132f45-6206-449a-a956-b1f9385c22b7|Outriders|faction|locations/illisan/fleurite/fleurite.md
c1132f45-6206-449a-a956-b1f9385c22b7|Outriders|faction|npcs/sorin-tarkohv.md
c1132f45-6206-449a-a956-b1f9385c22b7|Outriders|faction|sessions/notes/2025-11-08.md
80201e04-afd8-403f-b7a6-22e86f613b4a|Penelope Clinkhammer|pc|encounters/the-descent.md
80201e04-afd8-403f-b7a6-22e86f613b4a|Penelope Clinkhammer|pc|npcs/Roccid.md
80201e04-afd8-403f-b7a6-22e86f613b4a|Penelope Clinkhammer|pc|sessions/notes/2024-04-27.md
80201e04-afd8-403f-b7a6-22e86f613b4a|Penelope Clinkhammer|pc|sessions/notes/2024-05-25.md
80201e04-afd8-403f-b7a6-22e86f613b4a|Penelope Clinkhammer|pc|sessions/notes/2024-07-27.md
b028bb0c-0537-4c67-b0ab-daad566d4516|Perch|location|encounters/Ishirala/ishirala-floor2.md
b028bb0c-0537-4c67-b0ab-daad566d4516|Perch|location|encounters/Ishirala/ishirala-floor3.md
b028bb0c-0537-4c67-b0ab-daad566d4516|Perch|location|encounters/Ishirala/ishirala-floor4.md
b028bb0c-0537-4c67-b0ab-daad566d4516|Perch|location|encounters/Ishirala/ishirala-perch.md
b028bb0c-0537-4c67-b0ab-daad566d4516|Perch|location|encounters/exile-camp-meeting.md
b028bb0c-0537-4c67-b0ab-daad566d4516|Perch|location|locations/illisan/fleurite/ishirala.md
b028bb0c-0537-4c67-b0ab-daad566d4516|Perch|location|npcs/Vika-Lana.md
b028bb0c-0537-4c67-b0ab-daad566d4516|Perch|location|npcs/ishigo-dan.md
b028bb0c-0537-4c67-b0ab-daad566d4516|Perch|location|sessions/notes/2026-06-06.md
ad47b7ea-1734-4295-acb8-1f55a363ac43|Peter le Fleur|npc|encounters/exile-camp-meeting.md
ad47b7ea-1734-4295-acb8-1f55a363ac43|Peter le Fleur|npc|encounters/the-descent.md
ad47b7ea-1734-4295-acb8-1f55a363ac43|Peter le Fleur|npc|locations/argoth/ellish/ellish.md
ad47b7ea-1734-4295-acb8-1f55a363ac43|Peter le Fleur|npc|locations/argoth/ellish/unity/unity.md
ad47b7ea-1734-4295-acb8-1f55a363ac43|Peter le Fleur|npc|locations/illisan/fleurite/fleurite-castle.md
ad47b7ea-1734-4295-acb8-1f55a363ac43|Peter le Fleur|npc|locations/illisan/fleurite/fleurite.md
ad47b7ea-1734-4295-acb8-1f55a363ac43|Peter le Fleur|npc|lore/goodmans-city.md
ad47b7ea-1734-4295-acb8-1f55a363ac43|Peter le Fleur|npc|lore/hidden-truths.md
ad47b7ea-1734-4295-acb8-1f55a363ac43|Peter le Fleur|npc|lore/thanore-history.md
ad47b7ea-1734-4295-acb8-1f55a363ac43|Peter le Fleur|npc|lore/the-raven-king.md
ad47b7ea-1734-4295-acb8-1f55a363ac43|Peter le Fleur|npc|lore/timeline.md
ad47b7ea-1734-4295-acb8-1f55a363ac43|Peter le Fleur|npc|npcs/Dariferra.md
ad47b7ea-1734-4295-acb8-1f55a363ac43|Peter le Fleur|npc|npcs/Goodman.md
ad47b7ea-1734-4295-acb8-1f55a363ac43|Peter le Fleur|npc|npcs/Jace-Valamacke.md
ad47b7ea-1734-4295-acb8-1f55a363ac43|Peter le Fleur|npc|npcs/Lily-Valamacke.md
ad47b7ea-1734-4295-acb8-1f55a363ac43|Peter le Fleur|npc|npcs/Roccid.md
ad47b7ea-1734-4295-acb8-1f55a363ac43|Peter le Fleur|npc|npcs/Romulus.md
ad47b7ea-1734-4295-acb8-1f55a363ac43|Peter le Fleur|npc|npcs/Vika-Lana.md
ad47b7ea-1734-4295-acb8-1f55a363ac43|Peter le Fleur|npc|npcs/original-white-cloaks.md
ad47b7ea-1734-4295-acb8-1f55a363ac43|Peter le Fleur|npc|npcs/sorin-tarkohv.md
ad47b7ea-1734-4295-acb8-1f55a363ac43|Peter le Fleur|npc|sessions/notes/2023-10-28.md
ad47b7ea-1734-4295-acb8-1f55a363ac43|Peter le Fleur|npc|sessions/notes/2024-05-25.md
57bed3a4-335b-41fc-8f72-81d42d60cf7c|Phyro|location|encounters/the-descent.md
57bed3a4-335b-41fc-8f72-81d42d60cf7c|Phyro|location|npcs/Roccid.md
66dac676-16cb-4b4b-ba2f-f73d9871adbc|Ragga'na'ken|npc|encounters/the-descent.md
66dac676-16cb-4b4b-ba2f-f73d9871adbc|Ragga'na'ken|npc|lore/cosmology.md
66dac676-16cb-4b4b-ba2f-f73d9871adbc|Ragga'na'ken|npc|npcs/Romulus.md
66dac676-16cb-4b4b-ba2f-f73d9871adbc|Ragga'na'ken|npc|npcs/ishigo-dan.md
ed39d0b3-2984-49c9-8779-846dbf228c0c|Ragnok|location|locations/mythis/mythis.md
ed39d0b3-2984-49c9-8779-846dbf228c0c|Ragnok|location|locations/mythis/ragnok.md
ed39d0b3-2984-49c9-8779-846dbf228c0c|Ragnok|location|lore/cosmology.md
ed39d0b3-2984-49c9-8779-846dbf228c0c|Ragnok|location|npcs/ishigo-dan.md
bc86a562-81aa-461b-80c7-8040c48e3502|Raven King|npc|handouts/vika-lana-journal.md
bc86a562-81aa-461b-80c7-8040c48e3502|Raven King|npc|locations/argoth/ellish/ellish.md
bc86a562-81aa-461b-80c7-8040c48e3502|Raven King|npc|locations/argoth/ellish/unity/unity.md
bc86a562-81aa-461b-80c7-8040c48e3502|Raven King|npc|lore/hidden-truths.md
bc86a562-81aa-461b-80c7-8040c48e3502|Raven King|npc|lore/thanore-history.md
bc86a562-81aa-461b-80c7-8040c48e3502|Raven King|npc|lore/the-raven-king.md
bc86a562-81aa-461b-80c7-8040c48e3502|Raven King|npc|lore/timeline.md
bc86a562-81aa-461b-80c7-8040c48e3502|Raven King|npc|npcs/Vika-Lana.md
bc86a562-81aa-461b-80c7-8040c48e3502|Raven King|npc|sessions/notes/2023-10-28.md
bc86a562-81aa-461b-80c7-8040c48e3502|Raven King|npc|sessions/notes/2024-05-25.md
d0ec5642-a914-47f7-a0e0-5bcdfa561b2d|Ravenholdt|location|handouts/rhetus-diary.md
d0ec5642-a914-47f7-a0e0-5bcdfa561b2d|Ravenholdt|location|locations/argoth/ellish/unity/unity.md
d0ec5642-a914-47f7-a0e0-5bcdfa561b2d|Ravenholdt|location|lore/the-raven-king.md
d0ec5642-a914-47f7-a0e0-5bcdfa561b2d|Ravenholdt|location|lore/timeline.md
d0ec5642-a914-47f7-a0e0-5bcdfa561b2d|Ravenholdt|location|npcs/Vika-Lana.md
e4965364-cafd-4435-8d72-8ab5d192c26d|Rhetus|npc|handouts/rhetus-diary.md
e4965364-cafd-4435-8d72-8ab5d192c26d|Rhetus|npc|handouts/vika-lana-journal.md
e4965364-cafd-4435-8d72-8ab5d192c26d|Rhetus|npc|locations/argoth/ellish/unity/church-of-the-golden-dawn.md
e4965364-cafd-4435-8d72-8ab5d192c26d|Rhetus|npc|lore/timeline.md
e4965364-cafd-4435-8d72-8ab5d192c26d|Rhetus|npc|npcs/Rhetus.md
e4965364-cafd-4435-8d72-8ab5d192c26d|Rhetus|npc|npcs/Romulus.md
e4965364-cafd-4435-8d72-8ab5d192c26d|Rhetus|npc|npcs/Vika-Lana.md
e4965364-cafd-4435-8d72-8ab5d192c26d|Rhetus|npc|sessions/notes/2024-05-11.md
e4965364-cafd-4435-8d72-8ab5d192c26d|Rhetus|npc|sessions/notes/2024-09-28.md
a112b433-e160-4918-8777-7cce00fb9635|Rinnald Octinabeus|npc|encounters/exile-camp-meeting.md
a112b433-e160-4918-8777-7cce00fb9635|Rinnald Octinabeus|npc|locations/exile-camp.md
a112b433-e160-4918-8777-7cce00fb9635|Rinnald Octinabeus|npc|npcs/Jace-Valamacke.md
a112b433-e160-4918-8777-7cce00fb9635|Rinnald Octinabeus|npc|npcs/Lily-Valamacke.md
a112b433-e160-4918-8777-7cce00fb9635|Rinnald Octinabeus|npc|npcs/Rinnald-Octinabeus.md
55d444c8-5e3d-4d12-9bf9-366606027bf8|Roccid|npc|encounters/the-descent.md
55d444c8-5e3d-4d12-9bf9-366606027bf8|Roccid|npc|npcs/Roccid.md
55d444c8-5e3d-4d12-9bf9-366606027bf8|Roccid|npc|npcs/sorin-tarkohv.md
55d444c8-5e3d-4d12-9bf9-366606027bf8|Roccid|npc|sessions/notes/2024-05-25.md
55d444c8-5e3d-4d12-9bf9-366606027bf8|Roccid|npc|sessions/notes/2024-06-01.md
55d444c8-5e3d-4d12-9bf9-366606027bf8|Roccid|npc|sessions/notes/2025-07-19.md
925fa69c-73c3-4254-87d7-30b7c1c5fac1|Romulus|npc|encounters/exile-camp-meeting.md
925fa69c-73c3-4254-87d7-30b7c1c5fac1|Romulus|npc|encounters/fleurite-castle-dungeon.md
925fa69c-73c3-4254-87d7-30b7c1c5fac1|Romulus|npc|encounters/the-descent.md
925fa69c-73c3-4254-87d7-30b7c1c5fac1|Romulus|npc|gm/campaign-bible.md
925fa69c-73c3-4254-87d7-30b7c1c5fac1|Romulus|npc|locations/illisan/fleurite/fleurite-castle.md
925fa69c-73c3-4254-87d7-30b7c1c5fac1|Romulus|npc|locations/illisan/fleurite/fleurite.md
925fa69c-73c3-4254-87d7-30b7c1c5fac1|Romulus|npc|locations/illisan/fleurite/grey-house.md
925fa69c-73c3-4254-87d7-30b7c1c5fac1|Romulus|npc|locations/illisan/fleurite/ishirala.md
925fa69c-73c3-4254-87d7-30b7c1c5fac1|Romulus|npc|locations/illisan/fleurite/monastery.md
925fa69c-73c3-4254-87d7-30b7c1c5fac1|Romulus|npc|lore/cosmology.md
925fa69c-73c3-4254-87d7-30b7c1c5fac1|Romulus|npc|lore/goodmans-city.md
925fa69c-73c3-4254-87d7-30b7c1c5fac1|Romulus|npc|lore/infinite-twilight.md
925fa69c-73c3-4254-87d7-30b7c1c5fac1|Romulus|npc|lore/timeline.md
925fa69c-73c3-4254-87d7-30b7c1c5fac1|Romulus|npc|npcs/Arkin.md
925fa69c-73c3-4254-87d7-30b7c1c5fac1|Romulus|npc|npcs/Dariferra.md
925fa69c-73c3-4254-87d7-30b7c1c5fac1|Romulus|npc|npcs/Goodman.md
925fa69c-73c3-4254-87d7-30b7c1c5fac1|Romulus|npc|npcs/Jace-Valamacke.md
925fa69c-73c3-4254-87d7-30b7c1c5fac1|Romulus|npc|npcs/Lily-Valamacke.md
925fa69c-73c3-4254-87d7-30b7c1c5fac1|Romulus|npc|npcs/Lucindus-Arellius.md
925fa69c-73c3-4254-87d7-30b7c1c5fac1|Romulus|npc|npcs/Rhetus.md
925fa69c-73c3-4254-87d7-30b7c1c5fac1|Romulus|npc|npcs/Romulus.md
925fa69c-73c3-4254-87d7-30b7c1c5fac1|Romulus|npc|npcs/Vika-Lana.md
925fa69c-73c3-4254-87d7-30b7c1c5fac1|Romulus|npc|npcs/ishigo-dan.md
02e5dc8e-d066-4129-a00c-8c4c41c67903|Ruh|npc|encounters/the-descent.md
02e5dc8e-d066-4129-a00c-8c4c41c67903|Ruh|npc|locations/illisan/fleurite/fleurite.md
02e5dc8e-d066-4129-a00c-8c4c41c67903|Ruh|npc|lore/timeline.md
02e5dc8e-d066-4129-a00c-8c4c41c67903|Ruh|npc|npcs/Goodman.md
02e5dc8e-d066-4129-a00c-8c4c41c67903|Ruh|npc|npcs/Roccid.md
02e5dc8e-d066-4129-a00c-8c4c41c67903|Ruh|npc|npcs/Romulus.md
02e5dc8e-d066-4129-a00c-8c4c41c67903|Ruh|npc|npcs/original-white-cloaks.md
b6f72956-f065-4c68-b2d5-05f1f30c9316|Ruhrogue|pc|lore/timeline.md
b6f72956-f065-4c68-b2d5-05f1f30c9316|Ruhrogue|pc|npcs/original-white-cloaks.md
b6f72956-f065-4c68-b2d5-05f1f30c9316|Ruhrogue|pc|pcs/ruhrogue.md
b6f72956-f065-4c68-b2d5-05f1f30c9316|Ruhrogue|pc|sessions/notes/2026-05-09.md
b6f72956-f065-4c68-b2d5-05f1f30c9316|Ruhrogue|pc|sessions/notes/2026-06-06.md
b6f72956-f065-4c68-b2d5-05f1f30c9316|Ruhrogue|pc|sessions/notes/2026-08-22-exile-camp-0336fc21
9200e618-22bc-42e8-bf3c-12dadc52c378|Shandriz Channel|location|locations/illisan/fleurite/fleurite.md
9200e618-22bc-42e8-bf3c-12dadc52c378|Shandriz Channel|location|locations/illisan/fleurite/ishaeal.md
9200e618-22bc-42e8-bf3c-12dadc52c378|Shandriz Channel|location|locations/illisan/illisan.md
9200e618-22bc-42e8-bf3c-12dadc52c378|Shandriz Channel|location|locations/illisan/shandriz-channel.md
9200e618-22bc-42e8-bf3c-12dadc52c378|Shandriz Channel|location|sessions/notes/2025-10-18.md
e2efa675-7e88-4168-a7bc-7489ea7f2990|Shira Lana|npc|npcs/Vika-Lana.md
07368e84-42db-4623-b41f-99fddfc97400|Solastus|npc|locations/argoth/ellish/unity/church-of-the-golden-dawn.md
07368e84-42db-4623-b41f-99fddfc97400|Solastus|npc|lore/cosmology.md
07368e84-42db-4623-b41f-99fddfc97400|Solastus|npc|lore/creation-myth.md
3d8633a8-bca3-4a7b-8ac0-51ad5d5260b7|Sorin Tarkohv|npc|encounters/the-descent.md
3d8633a8-bca3-4a7b-8ac0-51ad5d5260b7|Sorin Tarkohv|npc|npcs/Roccid.md
3d8633a8-bca3-4a7b-8ac0-51ad5d5260b7|Sorin Tarkohv|npc|npcs/sorin-tarkohv.md
3d8633a8-bca3-4a7b-8ac0-51ad5d5260b7|Sorin Tarkohv|npc|sessions/notes/2025-11-08.md
f06068ec-1bef-49b8-9419-5aadede15446|Starfall|worldbuilding|lore/cosmology.md
f06068ec-1bef-49b8-9419-5aadede15446|Starfall|worldbuilding|lore/infinite-twilight.md
f06068ec-1bef-49b8-9419-5aadede15446|Starfall|worldbuilding|npcs/Arkin.md
f06068ec-1bef-49b8-9419-5aadede15446|Starfall|worldbuilding|npcs/Romulus.md
f06068ec-1bef-49b8-9419-5aadede15446|Starfall|worldbuilding|npcs/ishigo-dan.md
2c3fb709-431c-484b-b8aa-00e50c096f06|Thanore|location|lore/thanore-history.md
2c3fb709-431c-484b-b8aa-00e50c096f06|Thanore|location|lore/timeline.md
86eebe08-d719-4cbd-8802-310ba3496ee1|The Estate|location|locations/argoth/ellish/unity/the-estate.md
86eebe08-d719-4cbd-8802-310ba3496ee1|The Estate|location|locations/argoth/ellish/unity/unity.md
e900151c-f30f-4190-b371-5c486e27c405|Thromius Exemption|worldbuilding|encounters/Ishirala/ishirala-perch.md
e900151c-f30f-4190-b371-5c486e27c405|Thromius Exemption|worldbuilding|locations/argoth/merev/gamorra.md
e900151c-f30f-4190-b371-5c486e27c405|Thromius Exemption|worldbuilding|pcs/zander-thromius.md
6bedfc94-f0bf-41c5-aa5c-4307791497d6|Tichon Darelius|npc|encounters/exile-camp-meeting.md
6bedfc94-f0bf-41c5-aa5c-4307791497d6|Tichon Darelius|npc|locations/exile-camp.md
6bedfc94-f0bf-41c5-aa5c-4307791497d6|Tichon Darelius|npc|lore/goodmans-city.md
6bedfc94-f0bf-41c5-aa5c-4307791497d6|Tichon Darelius|npc|npcs/Aris-Placidia.md
6bedfc94-f0bf-41c5-aa5c-4307791497d6|Tichon Darelius|npc|npcs/Marcus-Leondis.md
6bedfc94-f0bf-41c5-aa5c-4307791497d6|Tichon Darelius|npc|npcs/Maxis-Fontides.md
6bedfc94-f0bf-41c5-aa5c-4307791497d6|Tichon Darelius|npc|npcs/Tichon-Darelius.md
6bedfc94-f0bf-41c5-aa5c-4307791497d6|Tichon Darelius|npc|sessions/notes/2026-08-22-exile-camp-0336fc21
6f15e324-f78e-4015-a4de-14fa5a6928c6|Tsunadis|location|encounters/the-descent.md
6f15e324-f78e-4015-a4de-14fa5a6928c6|Tsunadis|location|locations/mythis/mythis.md
6f15e324-f78e-4015-a4de-14fa5a6928c6|Tsunadis|location|lore/cosmology.md
6f15e324-f78e-4015-a4de-14fa5a6928c6|Tsunadis|location|npcs/Romulus.md
6f15e324-f78e-4015-a4de-14fa5a6928c6|Tsunadis|location|npcs/ishigo-dan.md
585c4853-ac2f-479b-9224-e520a4d24cf8|Unity|location|locations/argoth/ellish/unity/unity.md
585c4853-ac2f-479b-9224-e520a4d24cf8|Unity|location|sessions/notes/2026-08-22-exile-camp-0336fc21
18879a53-d4cc-4428-a171-18e611b069b8|Unity Arcana|location|pcs/zander-thromius.md
18879a53-d4cc-4428-a171-18e611b069b8|Unity Arcana|location|sessions/notes/2024-08-24.md
5ad6e598-a07b-4949-9af2-fba60a2ba7ff|Unity People's Library|location|locations/argoth/ellish/unity/unity-peoples-library.md
5ad6e598-a07b-4949-9af2-fba60a2ba7ff|Unity People's Library|location|locations/argoth/ellish/unity/unity.md
5ad6e598-a07b-4949-9af2-fba60a2ba7ff|Unity People's Library|location|sessions/notes/2023-10-28.md
d6bcb354-17fa-4920-bf52-0dc1956e2016|Vael'ka'noth|npc|encounters/exile-camp-meeting.md
d6bcb354-17fa-4920-bf52-0dc1956e2016|Vael'ka'noth|npc|handouts/rhetus-diary.md
d6bcb354-17fa-4920-bf52-0dc1956e2016|Vael'ka'noth|npc|locations/embreth-ocean/vaelthanore.md
d6bcb354-17fa-4920-bf52-0dc1956e2016|Vael'ka'noth|npc|lore/cosmology.md
d6bcb354-17fa-4920-bf52-0dc1956e2016|Vael'ka'noth|npc|npcs/Vika-Lana.md
d6bcb354-17fa-4920-bf52-0dc1956e2016|Vael'ka'noth|npc|pcs/zander-thromius.md
d6bcb354-17fa-4920-bf52-0dc1956e2016|Vael'ka'noth|npc|sessions/notes/2024-01-06.md
d6bcb354-17fa-4920-bf52-0dc1956e2016|Vael'ka'noth|npc|sessions/notes/2024-03-30.md
d6bcb354-17fa-4920-bf52-0dc1956e2016|Vael'ka'noth|npc|sessions/notes/2025-03-01.md
da48d20a-8a3f-46cd-94c4-779a066f2e5f|Vael'tha'nore|location|handouts/rhetus-diary.md
da48d20a-8a3f-46cd-94c4-779a066f2e5f|Vael'tha'nore|location|locations/embreth-ocean/embreth-ocean.md
da48d20a-8a3f-46cd-94c4-779a066f2e5f|Vael'tha'nore|location|locations/embreth-ocean/vaelthanore.md
da48d20a-8a3f-46cd-94c4-779a066f2e5f|Vael'tha'nore|location|lore/cosmology.md
da48d20a-8a3f-46cd-94c4-779a066f2e5f|Vael'tha'nore|location|sessions/notes/2024-09-28.md
863514fb-6e2c-41c0-845d-f6100b641b80|Veram|location|encounters/the-descent.md
863514fb-6e2c-41c0-845d-f6100b641b80|Veram|location|locations/illisan/illisan.md
863514fb-6e2c-41c0-845d-f6100b641b80|Veram|location|locations/illisan/veram.md
863514fb-6e2c-41c0-845d-f6100b641b80|Veram|location|npcs/sorin-tarkohv.md
863514fb-6e2c-41c0-845d-f6100b641b80|Veram|location|sessions/notes/2025-10-18.md
20365df9-3acc-444d-bd4f-14de7301ebee|Vika Lana|npc|encounters/Ishirala/ishirala-floor2.md
20365df9-3acc-444d-bd4f-14de7301ebee|Vika Lana|npc|encounters/Ishirala/ishirala-floor3.md
20365df9-3acc-444d-bd4f-14de7301ebee|Vika Lana|npc|encounters/Ishirala/ishirala-perch.md
20365df9-3acc-444d-bd4f-14de7301ebee|Vika Lana|npc|encounters/exile-camp-meeting.md
20365df9-3acc-444d-bd4f-14de7301ebee|Vika Lana|npc|handouts/rhetus-diary.md
20365df9-3acc-444d-bd4f-14de7301ebee|Vika Lana|npc|handouts/vika-lana-journal.md
20365df9-3acc-444d-bd4f-14de7301ebee|Vika Lana|npc|locations/argoth/ellish/unity/unity.md
20365df9-3acc-444d-bd4f-14de7301ebee|Vika Lana|npc|lore/hidden-truths.md
20365df9-3acc-444d-bd4f-14de7301ebee|Vika Lana|npc|lore/the-raven-king.md
20365df9-3acc-444d-bd4f-14de7301ebee|Vika Lana|npc|lore/timeline.md
20365df9-3acc-444d-bd4f-14de7301ebee|Vika Lana|npc|npcs/Jace-Valamacke.md
20365df9-3acc-444d-bd4f-14de7301ebee|Vika Lana|npc|npcs/Vika-Lana.md
20365df9-3acc-444d-bd4f-14de7301ebee|Vika Lana|npc|sessions/notes/2024-04-27.md
20365df9-3acc-444d-bd4f-14de7301ebee|Vika Lana|npc|sessions/notes/2025-03-01.md
20365df9-3acc-444d-bd4f-14de7301ebee|Vika Lana|npc|sessions/notes/2025-10-04.md
20365df9-3acc-444d-bd4f-14de7301ebee|Vika Lana|npc|sessions/notes/2026-02-14.md
20365df9-3acc-444d-bd4f-14de7301ebee|Vika Lana|npc|sessions/notes/2026-07-18.md
20365df9-3acc-444d-bd4f-14de7301ebee|Vika Lana|npc|sessions/notes/2026-07-25.md
4a202534-a36a-4401-851e-c3fbdb549da7|White Cloaks|faction|encounters/fleurite-castle-dungeon.md
4a202534-a36a-4401-851e-c3fbdb549da7|White Cloaks|faction|locations/illisan/fleurite/fleurite.md
4a202534-a36a-4401-851e-c3fbdb549da7|White Cloaks|faction|lore/cosmology.md
4a202534-a36a-4401-851e-c3fbdb549da7|White Cloaks|faction|lore/timeline.md
4a202534-a36a-4401-851e-c3fbdb549da7|White Cloaks|faction|npcs/Goodman.md
4a202534-a36a-4401-851e-c3fbdb549da7|White Cloaks|faction|npcs/Lily-Valamacke.md
4a202534-a36a-4401-851e-c3fbdb549da7|White Cloaks|faction|npcs/Romulus.md
4a202534-a36a-4401-851e-c3fbdb549da7|White Cloaks|faction|npcs/original-white-cloaks.md
1056e617-2011-5de7-b77d-6a8bd256eb3f|Zander Thromius|pc|encounters/Ishirala/ishirala-floor3.md
1056e617-2011-5de7-b77d-6a8bd256eb3f|Zander Thromius|pc|encounters/Ishirala/ishirala-floor4.md
1056e617-2011-5de7-b77d-6a8bd256eb3f|Zander Thromius|pc|encounters/Ishirala/ishirala-perch.md
1056e617-2011-5de7-b77d-6a8bd256eb3f|Zander Thromius|pc|locations/argoth/merev/gamorra.md
1056e617-2011-5de7-b77d-6a8bd256eb3f|Zander Thromius|pc|locations/argoth/merev/merev.md
1056e617-2011-5de7-b77d-6a8bd256eb3f|Zander Thromius|pc|lore/hidden-truths.md
1056e617-2011-5de7-b77d-6a8bd256eb3f|Zander Thromius|pc|lore/timeline.md
1056e617-2011-5de7-b77d-6a8bd256eb3f|Zander Thromius|pc|npcs/ishigo-dan.md
1056e617-2011-5de7-b77d-6a8bd256eb3f|Zander Thromius|pc|pcs/zander-thromius.md
1056e617-2011-5de7-b77d-6a8bd256eb3f|Zander Thromius|pc|sessions/notes/2024-05-25.md
1056e617-2011-5de7-b77d-6a8bd256eb3f|Zander Thromius|pc|sessions/notes/2024-07-27.md
1056e617-2011-5de7-b77d-6a8bd256eb3f|Zander Thromius|pc|sessions/notes/2025-07-19.md
1056e617-2011-5de7-b77d-6a8bd256eb3f|Zander Thromius|pc|sessions/notes/2026-02-14.md
1056e617-2011-5de7-b77d-6a8bd256eb3f|Zander Thromius|pc|sessions/notes/2026-04-25.md
1056e617-2011-5de7-b77d-6a8bd256eb3f|Zander Thromius|pc|sessions/notes/2026-05-09.md
1056e617-2011-5de7-b77d-6a8bd256eb3f|Zander Thromius|pc|sessions/notes/2026-06-20.md
